<?xml version="1.0" encoding="UTF-8"?>
<GenRun Id="impl_1" LaunchPart="xc7a35tcpg236-1" LaunchTime="1543586820">
  <File Type="PWROPT-DCP" Name="ALUOnBoard_pwropt.dcp"/>
  <File Type="ROUTE-PWR" Name="ALUOnBoard_power_routed.rpt"/>
  <File Type="PA-TCL" Name="ALUOnBoard.tcl"/>
  <File Type="ROUTE-PWR-SUM" Name="ALUOnBoard_power_summary_routed.pb"/>
  <File Type="REPORTS-TCL" Name="ALUOnBoard_reports.tcl"/>
  <File Type="BG-DRC" Name="ALUOnBoard.drc"/>
  <File Type="OPT-METHODOLOGY-DRC" Name="ALUOnBoard_methodology_drc_opted.rpt"/>
  <File Type="INIT-TIMING" Name="ALUOnBoard_timing_summary_init.rpt"/>
  <File Type="OPT-HWDEF" Name="ALUOnBoard.hwdef"/>
  <File Type="OPT-DCP" Name="ALUOnBoard_opt.dcp"/>
  <File Type="OPT-DRC" Name="ALUOnBoard_drc_opted.rpt"/>
  <File Type="OPT-TIMING" Name="ALUOnBoard_timing_summary_opted.rpt"/>
  <File Type="PWROPT-DRC" Name="ALUOnBoard_drc_pwropted.rpt"/>
  <File Type="PWROPT-TIMING" Name="ALUOnBoard_timing_summary_pwropted.rpt"/>
  <File Type="PLACE-DCP" Name="ALUOnBoard_placed.dcp"/>
  <File Type="PLACE-IO" Name="ALUOnBoard_io_placed.rpt"/>
  <File Type="PLACE-CLK" Name="ALUOnBoard_clock_utilization_placed.rpt"/>
  <File Type="PLACE-UTIL" Name="ALUOnBoard_utilization_placed.rpt"/>
  <File Type="PLACE-UTIL-PB" Name="ALUOnBoard_utilization_placed.pb"/>
  <File Type="PLACE-CTRL" Name="ALUOnBoard_control_sets_placed.rpt"/>
  <File Type="PLACE-SIMILARITY" Name="ALUOnBoard_incremental_reuse_placed.rpt"/>
  <File Type="PLACE-PRE-SIMILARITY" Name="ALUOnBoard_incremental_reuse_pre_placed.rpt"/>
  <File Type="PLACE-TIMING" Name="ALUOnBoard_timing_summary_placed.rpt"/>
  <File Type="POSTPLACE-PWROPT-DCP" Name="ALUOnBoard_postplace_pwropt.dcp"/>
  <File Type="POSTPLACE-PWROPT-TIMING" Name="ALUOnBoard_timing_summary_postplace_pwropted.rpt"/>
  <File Type="PHYSOPT-DCP" Name="ALUOnBoard_physopt.dcp"/>
  <File Type="PHYSOPT-DRC" Name="ALUOnBoard_drc_physopted.rpt"/>
  <File Type="BG-BIT" Name="ALUOnBoard.bit"/>
  <File Type="PHYSOPT-TIMING" Name="ALUOnBoard_timing_summary_physopted.rpt"/>
  <File Type="ROUTE-ERROR-DCP" Name="ALUOnBoard_routed_error.dcp"/>
  <File Type="ROUTE-DCP" Name="ALUOnBoard_routed.dcp"/>
  <File Type="ROUTE-BLACKBOX-DCP" Name="ALUOnBoard_routed_bb.dcp"/>
  <File Type="ROUTE-DRC" Name="ALUOnBoard_drc_routed.rpt"/>
  <File Type="ROUTE-DRC-PB" Name="ALUOnBoard_drc_routed.pb"/>
  <File Type="BITSTR-MSK" Name="ALUOnBoard.msk"/>
  <File Type="ROUTE-DRC-RPX" Name="ALUOnBoard_drc_routed.rpx"/>
  <File Type="BG-BGN" Name="ALUOnBoard.bgn"/>
  <File Type="ROUTE-METHODOLOGY-DRC" Name="ALUOnBoard_methodology_drc_routed.rpt"/>
  <File Type="BITSTR-RBT" Name="ALUOnBoard.rbt"/>
  <File Type="ROUTE-METHODOLOGY-DRC-RPX" Name="ALUOnBoard_methodology_drc_routed.rpx"/>
  <File Type="BG-BIN" Name="ALUOnBoard.bin"/>
  <File Type="ROUTE-METHODOLOGY-DRC-PB" Name="ALUOnBoard_methodology_drc_routed.pb"/>
  <File Type="ROUTE-PWR-RPX" Name="ALUOnBoard_power_routed.rpx"/>
  <File Type="ROUTE-STATUS" Name="ALUOnBoard_route_status.rpt"/>
  <File Type="ROUTE-STATUS-PB" Name="ALUOnBoard_route_status.pb"/>
  <File Type="ROUTE-TIMINGSUMMARY" Name="ALUOnBoard_timing_summary_routed.rpt"/>
  <File Type="ROUTE-TIMING-PB" Name="ALUOnBoard_timing_summary_routed.pb"/>
  <File Type="ROUTE-TIMING-RPX" Name="ALUOnBoard_timing_summary_routed.rpx"/>
  <File Type="ROUTE-SIMILARITY" Name="ALUOnBoard_incremental_reuse_routed.rpt"/>
  <File Type="RDI-RDI" Name="ALUOnBoard.vdi"/>
  <File Type="ROUTE-CLK" Name="ALUOnBoard_clock_utilization_routed.rpt"/>
  <File Type="POSTROUTE-PHYSOPT-DCP" Name="ALUOnBoard_postroute_physopt.dcp"/>
  <File Type="POSTROUTE-PHYSOPT-BLACKBOX-DCP" Name="ALUOnBoard_postroute_physopt_bb.dcp"/>
  <File Type="POSTROUTE-PHYSOPT-TIMING" Name="ALUOnBoard_timing_summary_postroute_physopted.rpt"/>
  <File Type="POSTROUTE-PHYSOPT-TIMING-PB" Name="ALUOnBoard_timing_summary_postroute_physopted.pb"/>
  <File Type="POSTROUTE-PHYSOPT-TIMING-RPX" Name="ALUOnBoard_timing_summary_postroute_physopted.rpx"/>
  <File Type="BITSTR-NKY" Name="ALUOnBoard.nky"/>
  <File Type="BITSTR-BMM" Name="ALUOnBoard_bd.bmm"/>
  <File Type="BITSTR-MMI" Name="ALUOnBoard.mmi"/>
  <File Type="BITSTR-LTX" Name="debug_nets.ltx"/>
  <File Type="BITSTR-LTX" Name="ALUOnBoard.ltx"/>
  <File Type="BITSTR-SYSDEF" Name="ALUOnBoard.sysdef"/>
  <File Type="WBT-USG" Name="usage_statistics_webtalk.html"/>
  <FileSet Name="sources" Type="DesignSrcs" RelSrcDir="$PSRCDIR/sources_1">
    <Filter Type="Srcs"/>
    <File Path="$PSRCDIR/sources_1/new/ALU.vhd">
      <FileInfo>
        <Attr Name="UsedIn" Val="synthesis"/>
        <Attr Name="UsedIn" Val="simulation"/>
      </FileInfo>
    </File>
    <File Path="$PSRCDIR/sources_1/new/BinToBCD.vhd">
      <FileInfo>
        <Attr Name="UsedIn" Val="synthesis"/>
        <Attr Name="UsedIn" Val="simulation"/>
      </FileInfo>
    </File>
    <File Path="$PSRCDIR/sources_1/new/Segmentdriver.vhd">
      <FileInfo>
        <Attr Name="UsedIn" Val="synthesis"/>
        <Attr Name="UsedIn" Val="simulation"/>
      </FileInfo>
    </File>
    <File Path="$PSRCDIR/sources_1/new/ALUOnBoard.vhd">
      <FileInfo>
        <Attr Name="UsedIn" Val="synthesis"/>
        <Attr Name="UsedIn" Val="simulation"/>
      </FileInfo>
    </File>
    <Config>
      <Option Name="DesignMode" Val="RTL"/>
      <Option Name="TopModule" Val="ALUOnBoard"/>
      <Option Name="TopAutoSet" Val="TRUE"/>
    </Config>
  </FileSet>
  <FileSet Name="constrs_in" Type="Constrs" RelSrcDir="$PSRCDIR/constrs_1">
    <Filter Type="Constrs"/>
    <File Path="$PSRCDIR/constrs_1/new/constraint.xdc">
      <FileInfo>
        <Attr Name="UsedIn" Val="synthesis"/>
        <Attr Name="UsedIn" Val="implementation"/>
      </FileInfo>
    </File>
    <Config>
      <Option Name="TargetConstrsFile" Val="$PSRCDIR/constrs_1/new/constraint.xdc"/>
      <Option Name="ConstrsType" Val="XDC"/>
    </Config>
  </FileSet>
  <Strategy Version="1" Minor="2">
    <StratHandle Name="Vivado Implementation Defaults" Flow="Vivado Implementation 2017"/>
    <Step Id="init_design"/>
    <Step Id="opt_design"/>
    <Step Id="power_opt_design"/>
    <Step Id="place_design"/>
    <Step Id="post_place_power_opt_design"/>
    <Step Id="phys_opt_design"/>
    <Step Id="route_design"/>
    <Step Id="post_route_phys_opt_design"/>
    <Step Id="write_bitstream"/>
  </Strategy>
</GenRun>
