<?xml version="1.0" encoding="UTF-8"?>
<GenRun Id="impl_1" LaunchPart="xc7a35tcpg236-1" LaunchTime="1545258435">
  <File Type="PWROPT-DCP" Name="bouncecube_pwropt.dcp"/>
  <File Type="ROUTE-PWR" Name="bouncecube_power_routed.rpt"/>
  <File Type="PA-TCL" Name="bouncecube.tcl"/>
  <File Type="ROUTE-PWR-SUM" Name="bouncecube_power_summary_routed.pb"/>
  <File Type="REPORTS-TCL" Name="bouncecube_reports.tcl"/>
  <File Type="BG-DRC" Name="bouncecube.drc"/>
  <File Type="OPT-METHODOLOGY-DRC" Name="bouncecube_methodology_drc_opted.rpt"/>
  <File Type="INIT-TIMING" Name="bouncecube_timing_summary_init.rpt"/>
  <File Type="OPT-HWDEF" Name="bouncecube.hwdef"/>
  <File Type="OPT-DCP" Name="bouncecube_opt.dcp"/>
  <File Type="OPT-DRC" Name="bouncecube_drc_opted.rpt"/>
  <File Type="OPT-TIMING" Name="bouncecube_timing_summary_opted.rpt"/>
  <File Type="PWROPT-DRC" Name="bouncecube_drc_pwropted.rpt"/>
  <File Type="PWROPT-TIMING" Name="bouncecube_timing_summary_pwropted.rpt"/>
  <File Type="PLACE-DCP" Name="bouncecube_placed.dcp"/>
  <File Type="PLACE-IO" Name="bouncecube_io_placed.rpt"/>
  <File Type="PLACE-CLK" Name="bouncecube_clock_utilization_placed.rpt"/>
  <File Type="PLACE-UTIL" Name="bouncecube_utilization_placed.rpt"/>
  <File Type="PLACE-UTIL-PB" Name="bouncecube_utilization_placed.pb"/>
  <File Type="PLACE-CTRL" Name="bouncecube_control_sets_placed.rpt"/>
  <File Type="PLACE-SIMILARITY" Name="bouncecube_incremental_reuse_placed.rpt"/>
  <File Type="PLACE-PRE-SIMILARITY" Name="bouncecube_incremental_reuse_pre_placed.rpt"/>
  <File Type="PLACE-TIMING" Name="bouncecube_timing_summary_placed.rpt"/>
  <File Type="POSTPLACE-PWROPT-DCP" Name="bouncecube_postplace_pwropt.dcp"/>
  <File Type="POSTPLACE-PWROPT-TIMING" Name="bouncecube_timing_summary_postplace_pwropted.rpt"/>
  <File Type="PHYSOPT-DCP" Name="bouncecube_physopt.dcp"/>
  <File Type="PHYSOPT-DRC" Name="bouncecube_drc_physopted.rpt"/>
  <File Type="BG-BIT" Name="bouncecube.bit"/>
  <File Type="PHYSOPT-TIMING" Name="bouncecube_timing_summary_physopted.rpt"/>
  <File Type="ROUTE-ERROR-DCP" Name="bouncecube_routed_error.dcp"/>
  <File Type="ROUTE-DCP" Name="bouncecube_routed.dcp"/>
  <File Type="ROUTE-BLACKBOX-DCP" Name="bouncecube_routed_bb.dcp"/>
  <File Type="ROUTE-DRC" Name="bouncecube_drc_routed.rpt"/>
  <File Type="ROUTE-DRC-PB" Name="bouncecube_drc_routed.pb"/>
  <File Type="BITSTR-MSK" Name="bouncecube.msk"/>
  <File Type="ROUTE-DRC-RPX" Name="bouncecube_drc_routed.rpx"/>
  <File Type="BG-BGN" Name="bouncecube.bgn"/>
  <File Type="ROUTE-METHODOLOGY-DRC" Name="bouncecube_methodology_drc_routed.rpt"/>
  <File Type="BITSTR-RBT" Name="bouncecube.rbt"/>
  <File Type="ROUTE-METHODOLOGY-DRC-RPX" Name="bouncecube_methodology_drc_routed.rpx"/>
  <File Type="BG-BIN" Name="bouncecube.bin"/>
  <File Type="ROUTE-METHODOLOGY-DRC-PB" Name="bouncecube_methodology_drc_routed.pb"/>
  <File Type="ROUTE-PWR-RPX" Name="bouncecube_power_routed.rpx"/>
  <File Type="ROUTE-STATUS" Name="bouncecube_route_status.rpt"/>
  <File Type="ROUTE-STATUS-PB" Name="bouncecube_route_status.pb"/>
  <File Type="ROUTE-TIMINGSUMMARY" Name="bouncecube_timing_summary_routed.rpt"/>
  <File Type="ROUTE-TIMING-PB" Name="bouncecube_timing_summary_routed.pb"/>
  <File Type="ROUTE-TIMING-RPX" Name="bouncecube_timing_summary_routed.rpx"/>
  <File Type="ROUTE-SIMILARITY" Name="bouncecube_incremental_reuse_routed.rpt"/>
  <File Type="RDI-RDI" Name="bouncecube.vdi"/>
  <File Type="ROUTE-CLK" Name="bouncecube_clock_utilization_routed.rpt"/>
  <File Type="POSTROUTE-PHYSOPT-DCP" Name="bouncecube_postroute_physopt.dcp"/>
  <File Type="POSTROUTE-PHYSOPT-BLACKBOX-DCP" Name="bouncecube_postroute_physopt_bb.dcp"/>
  <File Type="POSTROUTE-PHYSOPT-TIMING" Name="bouncecube_timing_summary_postroute_physopted.rpt"/>
  <File Type="POSTROUTE-PHYSOPT-TIMING-PB" Name="bouncecube_timing_summary_postroute_physopted.pb"/>
  <File Type="POSTROUTE-PHYSOPT-TIMING-RPX" Name="bouncecube_timing_summary_postroute_physopted.rpx"/>
  <File Type="BITSTR-NKY" Name="bouncecube.nky"/>
  <File Type="BITSTR-BMM" Name="bouncecube_bd.bmm"/>
  <File Type="BITSTR-MMI" Name="bouncecube.mmi"/>
  <File Type="BITSTR-LTX" Name="debug_nets.ltx"/>
  <File Type="BITSTR-LTX" Name="bouncecube.ltx"/>
  <File Type="BITSTR-SYSDEF" Name="bouncecube.sysdef"/>
  <File Type="WBT-USG" Name="usage_statistics_webtalk.html"/>
  <FileSet Name="sources" Type="DesignSrcs" RelSrcDir="$PSRCDIR/sources_1">
    <Filter Type="Srcs"/>
    <File Path="$PSRCDIR/sources_1/ip/clk_wiz_0/clk_wiz_0.xci">
      <FileInfo>
        <Attr Name="UsedIn" Val="synthesis"/>
        <Attr Name="UsedIn" Val="implementation"/>
        <Attr Name="UsedIn" Val="simulation"/>
      </FileInfo>
    </File>
    <File Path="$PSRCDIR/sources_1/new/spriterenderer.vhd">
      <FileInfo>
        <Attr Name="UsedIn" Val="synthesis"/>
        <Attr Name="UsedIn" Val="simulation"/>
      </FileInfo>
    </File>
    <File Path="$PSRCDIR/sources_1/new/vga.vhd">
      <FileInfo>
        <Attr Name="UsedIn" Val="synthesis"/>
        <Attr Name="UsedIn" Val="simulation"/>
      </FileInfo>
    </File>
    <File Path="$PSRCDIR/sources_1/new/bouncecube.vhd">
      <FileInfo>
        <Attr Name="UsedIn" Val="synthesis"/>
        <Attr Name="UsedIn" Val="simulation"/>
      </FileInfo>
    </File>
    <Config>
      <Option Name="DesignMode" Val="RTL"/>
      <Option Name="TopModule" Val="bouncecube"/>
      <Option Name="TopAutoSet" Val="TRUE"/>
    </Config>
  </FileSet>
  <FileSet Name="constrs_in" Type="Constrs" RelSrcDir="$PSRCDIR/constrs_1">
    <Filter Type="Constrs"/>
    <File Path="$PPRDIR/../Practicum05/Practicum05.srcs/constrs_1/new/constraints.xdc">
      <FileInfo>
        <Attr Name="UsedIn" Val="synthesis"/>
        <Attr Name="UsedIn" Val="implementation"/>
      </FileInfo>
    </File>
    <Config>
      <Option Name="ConstrsType" Val="XDC"/>
    </Config>
  </FileSet>
  <Strategy Version="1" Minor="2">
    <StratHandle Name="Vivado Implementation Defaults" Flow="Vivado Implementation 2017"/>
    <Step Id="init_design"/>
    <Step Id="opt_design"/>
    <Step Id="power_opt_design"/>
    <Step Id="place_design"/>
    <Step Id="post_place_power_opt_design"/>
    <Step Id="phys_opt_design"/>
    <Step Id="route_design"/>
    <Step Id="post_route_phys_opt_design"/>
    <Step Id="write_bitstream"/>
  </Strategy>
</GenRun>
