<?xml version="1.0" encoding="UTF-8"?>
<GenRun Id="impl_1" LaunchPart="xc7a35tcpg236-1" LaunchTime="1548167407">
  <File Type="PWROPT-DCP" Name="Watch_pwropt.dcp"/>
  <File Type="ROUTE-PWR" Name="Watch_power_routed.rpt"/>
  <File Type="PA-TCL" Name="Watch.tcl"/>
  <File Type="ROUTE-PWR-SUM" Name="Watch_power_summary_routed.pb"/>
  <File Type="REPORTS-TCL" Name="Watch_reports.tcl"/>
  <File Type="BG-DRC" Name="Watch.drc"/>
  <File Type="OPT-METHODOLOGY-DRC" Name="Watch_methodology_drc_opted.rpt"/>
  <File Type="INIT-TIMING" Name="Watch_timing_summary_init.rpt"/>
  <File Type="OPT-HWDEF" Name="Watch.hwdef"/>
  <File Type="OPT-DCP" Name="Watch_opt.dcp"/>
  <File Type="OPT-DRC" Name="Watch_drc_opted.rpt"/>
  <File Type="OPT-TIMING" Name="Watch_timing_summary_opted.rpt"/>
  <File Type="PWROPT-DRC" Name="Watch_drc_pwropted.rpt"/>
  <File Type="PWROPT-TIMING" Name="Watch_timing_summary_pwropted.rpt"/>
  <File Type="PLACE-DCP" Name="Watch_placed.dcp"/>
  <File Type="PLACE-IO" Name="Watch_io_placed.rpt"/>
  <File Type="PLACE-CLK" Name="Watch_clock_utilization_placed.rpt"/>
  <File Type="PLACE-UTIL" Name="Watch_utilization_placed.rpt"/>
  <File Type="PLACE-UTIL-PB" Name="Watch_utilization_placed.pb"/>
  <File Type="PLACE-CTRL" Name="Watch_control_sets_placed.rpt"/>
  <File Type="PLACE-SIMILARITY" Name="Watch_incremental_reuse_placed.rpt"/>
  <File Type="PLACE-PRE-SIMILARITY" Name="Watch_incremental_reuse_pre_placed.rpt"/>
  <File Type="PLACE-TIMING" Name="Watch_timing_summary_placed.rpt"/>
  <File Type="POSTPLACE-PWROPT-DCP" Name="Watch_postplace_pwropt.dcp"/>
  <File Type="POSTPLACE-PWROPT-TIMING" Name="Watch_timing_summary_postplace_pwropted.rpt"/>
  <File Type="PHYSOPT-DCP" Name="Watch_physopt.dcp"/>
  <File Type="PHYSOPT-DRC" Name="Watch_drc_physopted.rpt"/>
  <File Type="BG-BIT" Name="Watch.bit"/>
  <File Type="PHYSOPT-TIMING" Name="Watch_timing_summary_physopted.rpt"/>
  <File Type="ROUTE-ERROR-DCP" Name="Watch_routed_error.dcp"/>
  <File Type="ROUTE-DCP" Name="Watch_routed.dcp"/>
  <File Type="ROUTE-BLACKBOX-DCP" Name="Watch_routed_bb.dcp"/>
  <File Type="ROUTE-DRC" Name="Watch_drc_routed.rpt"/>
  <File Type="ROUTE-DRC-PB" Name="Watch_drc_routed.pb"/>
  <File Type="BITSTR-MSK" Name="Watch.msk"/>
  <File Type="ROUTE-DRC-RPX" Name="Watch_drc_routed.rpx"/>
  <File Type="BG-BGN" Name="Watch.bgn"/>
  <File Type="ROUTE-METHODOLOGY-DRC" Name="Watch_methodology_drc_routed.rpt"/>
  <File Type="BITSTR-RBT" Name="Watch.rbt"/>
  <File Type="ROUTE-METHODOLOGY-DRC-RPX" Name="Watch_methodology_drc_routed.rpx"/>
  <File Type="BG-BIN" Name="Watch.bin"/>
  <File Type="ROUTE-METHODOLOGY-DRC-PB" Name="Watch_methodology_drc_routed.pb"/>
  <File Type="ROUTE-PWR-RPX" Name="Watch_power_routed.rpx"/>
  <File Type="ROUTE-STATUS" Name="Watch_route_status.rpt"/>
  <File Type="ROUTE-STATUS-PB" Name="Watch_route_status.pb"/>
  <File Type="ROUTE-TIMINGSUMMARY" Name="Watch_timing_summary_routed.rpt"/>
  <File Type="ROUTE-TIMING-PB" Name="Watch_timing_summary_routed.pb"/>
  <File Type="ROUTE-TIMING-RPX" Name="Watch_timing_summary_routed.rpx"/>
  <File Type="ROUTE-SIMILARITY" Name="Watch_incremental_reuse_routed.rpt"/>
  <File Type="RDI-RDI" Name="Watch.vdi"/>
  <File Type="ROUTE-CLK" Name="Watch_clock_utilization_routed.rpt"/>
  <File Type="POSTROUTE-PHYSOPT-DCP" Name="Watch_postroute_physopt.dcp"/>
  <File Type="POSTROUTE-PHYSOPT-BLACKBOX-DCP" Name="Watch_postroute_physopt_bb.dcp"/>
  <File Type="POSTROUTE-PHYSOPT-TIMING" Name="Watch_timing_summary_postroute_physopted.rpt"/>
  <File Type="POSTROUTE-PHYSOPT-TIMING-PB" Name="Watch_timing_summary_postroute_physopted.pb"/>
  <File Type="POSTROUTE-PHYSOPT-TIMING-RPX" Name="Watch_timing_summary_postroute_physopted.rpx"/>
  <File Type="BITSTR-NKY" Name="Watch.nky"/>
  <File Type="BITSTR-BMM" Name="Watch_bd.bmm"/>
  <File Type="BITSTR-MMI" Name="Watch.mmi"/>
  <File Type="BITSTR-LTX" Name="debug_nets.ltx"/>
  <File Type="BITSTR-LTX" Name="Watch.ltx"/>
  <File Type="BITSTR-SYSDEF" Name="Watch.sysdef"/>
  <File Type="WBT-USG" Name="usage_statistics_webtalk.html"/>
  <FileSet Name="sources" Type="DesignSrcs" RelSrcDir="$PSRCDIR/sources_1">
    <Filter Type="Srcs"/>
    <File Path="$PSRCDIR/sources_1/new/FSM.vhd">
      <FileInfo>
        <Attr Name="UsedIn" Val="synthesis"/>
        <Attr Name="UsedIn" Val="simulation"/>
      </FileInfo>
    </File>
    <File Path="$PSRCDIR/sources_1/new/Segmentdriver.vhd">
      <FileInfo>
        <Attr Name="UsedIn" Val="synthesis"/>
        <Attr Name="UsedIn" Val="simulation"/>
      </FileInfo>
    </File>
    <File Path="$PSRCDIR/sources_1/new/Stopwatch.vhd">
      <FileInfo>
        <Attr Name="UsedIn" Val="synthesis"/>
        <Attr Name="UsedIn" Val="simulation"/>
      </FileInfo>
    </File>
    <File Path="$PSRCDIR/sources_1/new/Watch.vhd">
      <FileInfo>
        <Attr Name="UsedIn" Val="synthesis"/>
        <Attr Name="UsedIn" Val="simulation"/>
      </FileInfo>
    </File>
    <Config>
      <Option Name="DesignMode" Val="RTL"/>
      <Option Name="TopModule" Val="Watch"/>
    </Config>
  </FileSet>
  <FileSet Name="constrs_in" Type="Constrs" RelSrcDir="$PSRCDIR/constrs_1">
    <Filter Type="Constrs"/>
    <File Path="$PSRCDIR/constrs_1/new/Constraints.xdc">
      <FileInfo>
        <Attr Name="UsedIn" Val="synthesis"/>
        <Attr Name="UsedIn" Val="implementation"/>
      </FileInfo>
    </File>
    <Config>
      <Option Name="TargetConstrsFile" Val="$PSRCDIR/constrs_1/new/Constraints.xdc"/>
      <Option Name="ConstrsType" Val="XDC"/>
    </Config>
  </FileSet>
  <Strategy Version="1" Minor="2">
    <StratHandle Name="Vivado Implementation Defaults" Flow="Vivado Implementation 2017"/>
    <Step Id="init_design"/>
    <Step Id="opt_design"/>
    <Step Id="power_opt_design"/>
    <Step Id="place_design"/>
    <Step Id="post_place_power_opt_design"/>
    <Step Id="phys_opt_design"/>
    <Step Id="route_design"/>
    <Step Id="post_route_phys_opt_design"/>
    <Step Id="write_bitstream"/>
  </Strategy>
</GenRun>
