<?xml version="1.0" encoding="UTF-8"?>
<GenRun Id="synth_1" LaunchPart="xc7a35tcpg236-1" LaunchTime="1548088189">
  <File Type="PA-TCL" Name="TOP.tcl"/>
  <File Type="RDS-PROPCONSTRS" Name="TOP_drc_synth.rpt"/>
  <File Type="REPORTS-TCL" Name="TOP_reports.tcl"/>
  <File Type="RDS-RDS" Name="TOP.vds"/>
  <File Type="RDS-UTIL" Name="TOP_utilization_synth.rpt"/>
  <File Type="RDS-UTIL-PB" Name="TOP_utilization_synth.pb"/>
  <File Type="RDS-DCP" Name="TOP.dcp"/>
  <File Type="VDS-TIMINGSUMMARY" Name="TOP_timing_summary_synth.rpt"/>
  <File Type="VDS-TIMING-PB" Name="TOP_timing_summary_synth.pb"/>
  <FileSet Name="sources" Type="DesignSrcs" RelSrcDir="$PSRCDIR/sources_1">
    <Filter Type="Srcs"/>
    <File Path="$PSRCDIR/sources_1/imports/Les_3_VGA/Sprite.vhd">
      <FileInfo>
        <Attr Name="ImportPath" Val="$PPRDIR/../../Users/jlgheuve/Documents/Werkmap/2018-2019/Periode 3/PROGH2/Opdrachten/Uiterkingen opdrachten/Vivado projecten/LES5_VGA_square_HD/LES5_VGA_square.srcs/sources_1/imports/Les_3_VGA/Sprite.vhd"/>
        <Attr Name="ImportTime" Val="1547660686"/>
        <Attr Name="UsedIn" Val="synthesis"/>
        <Attr Name="UsedIn" Val="simulation"/>
      </FileInfo>
    </File>
    <File Path="$PSRCDIR/sources_1/imports/Les_3_VGA/vga.vhd">
      <FileInfo>
        <Attr Name="ImportPath" Val="$PPRDIR/../../Users/jlgheuve/Documents/Werkmap/2018-2019/Periode 3/PROGH2/Opdrachten/Uiterkingen opdrachten/Vivado projecten/LES5_VGA_square_HD/LES5_VGA_square.srcs/sources_1/imports/Les_3_VGA/vga.vhd"/>
        <Attr Name="ImportTime" Val="1544606579"/>
        <Attr Name="UsedIn" Val="synthesis"/>
        <Attr Name="UsedIn" Val="simulation"/>
      </FileInfo>
    </File>
    <File Path="$PSRCDIR/sources_1/new/TOP.vhd">
      <FileInfo>
        <Attr Name="UsedIn" Val="synthesis"/>
        <Attr Name="UsedIn" Val="simulation"/>
      </FileInfo>
    </File>
    <File Path="$PSRCDIR/sources_1/ip/smly100.coe">
      <FileInfo>
        <Attr Name="UsedIn" Val="synthesis"/>
        <Attr Name="UsedIn" Val="simulation"/>
      </FileInfo>
    </File>
    <Config>
      <Option Name="DesignMode" Val="RTL"/>
      <Option Name="TopModule" Val="TOP"/>
      <Option Name="TopAutoSet" Val="TRUE"/>
    </Config>
  </FileSet>
  <FileSet Name="constrs_in" Type="Constrs" RelSrcDir="$PSRCDIR/constrs_1">
    <Filter Type="Constrs"/>
    <File Path="$PSRCDIR/constrs_1/new/cnts.xdc">
      <FileInfo>
        <Attr Name="UsedIn" Val="synthesis"/>
        <Attr Name="UsedIn" Val="implementation"/>
      </FileInfo>
    </File>
    <Config>
      <Option Name="TargetConstrsFile" Val="$PSRCDIR/constrs_1/new/cnts.xdc"/>
      <Option Name="ConstrsType" Val="XDC"/>
    </Config>
  </FileSet>
  <Strategy Version="1" Minor="2">
    <StratHandle Name="Vivado Synthesis Defaults" Flow="Vivado Synthesis 2017"/>
    <Step Id="synth_design"/>
  </Strategy>
  <BlockFileSet Type="BlockSrcs" Name="Clk_148"/>
  <BlockFileSet Type="BlockSrcs" Name="blk_mem_gen_0"/>
</GenRun>
