<?xml version="1.0" encoding="UTF-8"?>
<GenRun Id="Clk_148_synth_1" LaunchPart="xc7a35tcpg236-1" LaunchTime="1548083924">
  <File Type="PA-TCL" Name="Clk_148.tcl"/>
  <File Type="REPORTS-TCL" Name="Clk_148_reports.tcl"/>
  <File Type="RDS-RDS" Name="Clk_148.vds"/>
  <File Type="RDS-UTIL" Name="Clk_148_utilization_synth.rpt"/>
  <File Type="RDS-UTIL-PB" Name="Clk_148_utilization_synth.pb"/>
  <File Type="RDS-DCP" Name="Clk_148.dcp"/>
  <FileSet Name="sources" Type="BlockSrcs" RelSrcDir="$PSRCDIR/Clk_148">
    <File Path="$PSRCDIR/sources_1/ip/Clk_148/Clk_148.xci">
      <FileInfo>
        <Attr Name="UsedIn" Val="synthesis"/>
        <Attr Name="UsedIn" Val="implementation"/>
        <Attr Name="UsedIn" Val="simulation"/>
      </FileInfo>
    </File>
    <Config>
      <Option Name="TopModule" Val="Clk_148"/>
      <Option Name="UseBlackboxStub" Val="1"/>
    </Config>
  </FileSet>
  <FileSet Name="constrs_in" Type="BlockSrcs" RelSrcDir="$PSRCDIR/Clk_148">
    <File Path="$PSRCDIR/sources_1/ip/Clk_148/Clk_148.xci">
      <FileInfo>
        <Attr Name="UsedIn" Val="synthesis"/>
        <Attr Name="UsedIn" Val="implementation"/>
        <Attr Name="UsedIn" Val="simulation"/>
      </FileInfo>
    </File>
    <Config>
      <Option Name="TopModule" Val="Clk_148"/>
      <Option Name="UseBlackboxStub" Val="1"/>
    </Config>
  </FileSet>
  <Strategy Version="1" Minor="2">
    <StratHandle Name="Vivado Synthesis Defaults" Flow="Vivado Synthesis 2017"/>
    <Step Id="synth_design"/>
  </Strategy>
</GenRun>
